BEGIN TRANSACTION;
CREATE TABLE child_table (ID INTEGER PRIMARY KEY AUTOINCREMENT NOT NULL, Desconto REAL, Data DATE, ProdutoID INTEGER NOT NULL, FOREIGN KEY (ProdutoID) REFERENCES random_table(ID));
INSERT INTO "child_table" VALUES(1,15.0,'2023-04-21 18:00:13.965208',6);
INSERT INTO "child_table" VALUES(2,10.0,'2023-04-21 18:00:13.973202',9);
INSERT INTO "child_table" VALUES(3,2.0,'2023-04-21 18:00:13.984195',20);
INSERT INTO "child_table" VALUES(4,0.0,'2023-04-21 18:00:13.991190',17);
INSERT INTO "child_table" VALUES(5,17.0,'2023-04-21 18:00:14.011181',10);
INSERT INTO "child_table" VALUES(6,19.0,'2023-04-21 18:00:14.020174',7);
INSERT INTO "child_table" VALUES(7,0.0,'2023-04-21 18:00:14.029168',3);
INSERT INTO "child_table" VALUES(8,12.0,'2023-04-21 18:00:14.037162',10);
INSERT INTO "child_table" VALUES(9,0.0,'2023-04-21 18:00:14.043158',13);
INSERT INTO "child_table" VALUES(10,4.0,'2023-04-21 18:00:14.052153',18);
INSERT INTO "child_table" VALUES(11,10.0,'2023-04-21 18:00:14.058149',3);
INSERT INTO "child_table" VALUES(12,18.0,'2023-04-21 18:00:14.066144',1);
INSERT INTO "child_table" VALUES(13,1.0,'2023-04-21 18:00:14.072140',4);
INSERT INTO "child_table" VALUES(14,14.0,'2023-04-21 18:00:14.078136',9);
INSERT INTO "child_table" VALUES(15,23.0,'2023-04-21 18:00:14.089129',11);
INSERT INTO "child_table" VALUES(16,7.0,'2023-04-21 18:00:14.097127',18);
INSERT INTO "child_table" VALUES(17,17.0,'2023-04-21 18:00:14.104121',11);
INSERT INTO "child_table" VALUES(18,23.0,'2023-04-21 18:00:14.110117',9);
INSERT INTO "child_table" VALUES(19,15.0,'2023-04-21 18:00:14.117112',12);
INSERT INTO "child_table" VALUES(20,22.0,'2023-04-21 18:00:14.124108',11);
INSERT INTO "child_table" VALUES(21,5.0,'2023-04-21 18:00:14.134101',6);
INSERT INTO "child_table" VALUES(22,6.0,'2023-04-21 18:00:14.141097',6);
INSERT INTO "child_table" VALUES(23,21.0,'2023-04-21 18:00:14.148093',1);
INSERT INTO "child_table" VALUES(24,13.0,'2023-04-21 18:00:14.156089',8);
INSERT INTO "child_table" VALUES(25,5.0,'2023-04-21 18:00:14.163084',1);
INSERT INTO "child_table" VALUES(26,15.0,'2023-04-21 18:00:14.172079',6);
INSERT INTO "child_table" VALUES(27,8.0,'2023-04-21 18:00:14.179076',15);
INSERT INTO "child_table" VALUES(28,2.0,'2023-04-21 18:00:14.187069',12);
INSERT INTO "child_table" VALUES(29,17.0,'2023-04-21 18:00:14.193065',20);
INSERT INTO "child_table" VALUES(30,15.0,'2023-04-21 18:00:14.201065',13);
CREATE TABLE copy_table (
        ID INTEGER PRIMARY KEY AUTOINCREMENT NOT NULL,
        Produto TEXT,
        Valor REAL,
        Data DATE,
        Vendido BIT NOT NULL);
INSERT INTO "copy_table" VALUES(1,'CPU',97.0,'2023-04-21 18:00:10.334867',0);
INSERT INTO "copy_table" VALUES(2,'CPU',55.0,'2023-04-21 18:00:10.343860',0);
INSERT INTO "copy_table" VALUES(3,'Mouse',87.0,'2023-04-21 18:00:10.359849',0);
INSERT INTO "copy_table" VALUES(4,'Mouse',70.0,'2023-04-21 18:00:10.391832',1);
INSERT INTO "copy_table" VALUES(5,'Monitor',83.0,'2023-04-21 18:00:10.413816',0);
INSERT INTO "copy_table" VALUES(6,'Mouse',60.0,'2023-04-21 18:00:10.436803',0);
INSERT INTO "copy_table" VALUES(7,'Monitor',73.0,'2023-04-21 18:00:10.462787',1);
INSERT INTO "copy_table" VALUES(8,'Monitor',51.0,'2023-04-21 18:00:10.478777',0);
INSERT INTO "copy_table" VALUES(9,'Monitor',97.0,'2023-04-21 18:00:10.491768',1);
INSERT INTO "copy_table" VALUES(10,'Monitor',83.0,'2023-04-21 18:00:10.499764',1);
INSERT INTO "copy_table" VALUES(11,'Mouse',97.0,'2023-04-21 18:00:10.508760',1);
INSERT INTO "copy_table" VALUES(12,'Monitor',95.0,'2023-04-21 18:00:10.518752',0);
INSERT INTO "copy_table" VALUES(13,'CPU',56.0,'2023-04-21 18:00:10.529746',0);
INSERT INTO "copy_table" VALUES(14,'Mouse',84.0,'2023-04-21 18:00:10.536741',0);
INSERT INTO "copy_table" VALUES(15,'Mouse',81.0,'2023-04-21 18:00:10.547735',1);
INSERT INTO "copy_table" VALUES(16,'Teclado',89.0,'2023-04-21 18:00:10.556728',0);
INSERT INTO "copy_table" VALUES(17,'Monitor',69.0,'2023-04-21 18:00:10.562725',1);
INSERT INTO "copy_table" VALUES(18,'Teclado',64.0,'2023-04-21 18:00:10.575716',1);
INSERT INTO "copy_table" VALUES(19,'CPU',60.0,'2023-04-21 18:00:10.585712',1);
INSERT INTO "copy_table" VALUES(20,'Mouse',92.0,'2023-04-21 18:00:10.598702',0);
INSERT INTO "copy_table" VALUES(21,NULL,97.0,'2023-04-21 18:00:10.334867',0);
INSERT INTO "copy_table" VALUES(22,NULL,55.0,'2023-04-21 18:00:10.343860',0);
INSERT INTO "copy_table" VALUES(23,NULL,87.0,'2023-04-21 18:00:10.359849',0);
INSERT INTO "copy_table" VALUES(24,NULL,70.0,'2023-04-21 18:00:10.391832',1);
INSERT INTO "copy_table" VALUES(25,NULL,60.0,'2023-04-21 18:00:10.436803',0);
INSERT INTO "copy_table" VALUES(26,NULL,97.0,'2023-04-21 18:00:10.508760',1);
INSERT INTO "copy_table" VALUES(27,NULL,56.0,'2023-04-21 18:00:10.529746',0);
INSERT INTO "copy_table" VALUES(28,NULL,84.0,'2023-04-21 18:00:10.536741',0);
INSERT INTO "copy_table" VALUES(29,NULL,81.0,'2023-04-21 18:00:10.547735',1);
INSERT INTO "copy_table" VALUES(30,NULL,89.0,'2023-04-21 18:00:10.556728',0);
INSERT INTO "copy_table" VALUES(31,NULL,64.0,'2023-04-21 18:00:10.575716',1);
INSERT INTO "copy_table" VALUES(32,NULL,60.0,'2023-04-21 18:00:10.585712',1);
INSERT INTO "copy_table" VALUES(33,NULL,92.0,'2023-04-21 18:00:10.598702',0);
CREATE TABLE "old_table"(
  ID INT,
  Produto TEXT,
  Valor REAL,
  Data NUM,
  Vendido NUM
);
INSERT INTO "old_table" VALUES(1,'CPU',97.0,'2023-04-21 18:00:10.334867',0);
INSERT INTO "old_table" VALUES(2,'CPU',55.0,'2023-04-21 18:00:10.343860',0);
INSERT INTO "old_table" VALUES(3,'Mouse',87.0,'2023-04-21 18:00:10.359849',0);
INSERT INTO "old_table" VALUES(4,'Mouse',70.0,'2023-04-21 18:00:10.391832',1);
INSERT INTO "old_table" VALUES(5,'Monitor',83.0,'2023-04-21 18:00:10.413816',0);
INSERT INTO "old_table" VALUES(6,'Mouse',60.0,'2023-04-21 18:00:10.436803',0);
INSERT INTO "old_table" VALUES(7,'Monitor',73.0,'2023-04-21 18:00:10.462787',1);
INSERT INTO "old_table" VALUES(8,'Monitor',51.0,'2023-04-21 18:00:10.478777',0);
INSERT INTO "old_table" VALUES(9,'Monitor',97.0,'2023-04-21 18:00:10.491768',1);
INSERT INTO "old_table" VALUES(10,'Monitor',83.0,'2023-04-21 18:00:10.499764',1);
INSERT INTO "old_table" VALUES(11,'Mouse',97.0,'2023-04-21 18:00:10.508760',1);
INSERT INTO "old_table" VALUES(12,'Monitor',95.0,'2023-04-21 18:00:10.518752',0);
INSERT INTO "old_table" VALUES(13,'CPU',56.0,'2023-04-21 18:00:10.529746',0);
INSERT INTO "old_table" VALUES(14,'Mouse',84.0,'2023-04-21 18:00:10.536741',0);
INSERT INTO "old_table" VALUES(15,'Mouse',81.0,'2023-04-21 18:00:10.547735',1);
INSERT INTO "old_table" VALUES(16,'Teclado',89.0,'2023-04-21 18:00:10.556728',0);
INSERT INTO "old_table" VALUES(17,'Monitor',69.0,'2023-04-21 18:00:10.562725',1);
INSERT INTO "old_table" VALUES(18,'Teclado',64.0,'2023-04-21 18:00:10.575716',1);
INSERT INTO "old_table" VALUES(19,'CPU',60.0,'2023-04-21 18:00:10.585712',1);
INSERT INTO "old_table" VALUES(20,'Mouse',92.0,'2023-04-21 18:00:10.598702',0);
CREATE TABLE random_table(ID INTEGER PRIMARY KEY AUTOINCREMENT NOT NULL, Produto TEXT, Valor REAL, Data DATE, Vendido BIT NOT NULL);
INSERT INTO "random_table" VALUES(1,'CPU',97.0,'2023-04-21 18:00:10.334867',0);
INSERT INTO "random_table" VALUES(3,'Mouse',87.0,'2023-04-21 18:00:10.359849',0);
INSERT INTO "random_table" VALUES(4,'Mouse',70.0,'2023-04-21 18:00:10.391832',1);
INSERT INTO "random_table" VALUES(5,'Monitor',83.0,'2023-04-21 18:00:10.413816',0);
INSERT INTO "random_table" VALUES(6,'Mouse',60.0,'2023-04-21 18:00:10.436803',0);
INSERT INTO "random_table" VALUES(7,'Monitor',73.0,'2023-04-21 18:00:10.462787',1);
INSERT INTO "random_table" VALUES(9,'Monitor',97.0,'2023-04-21 18:00:10.491768',1);
INSERT INTO "random_table" VALUES(10,'Monitor',83.0,'2023-04-21 18:00:10.499764',1);
INSERT INTO "random_table" VALUES(11,'Mouse',97.0,'2023-04-21 18:00:10.508760',1);
INSERT INTO "random_table" VALUES(12,'Monitor',95.0,'2023-04-21 18:00:10.518752',0);
INSERT INTO "random_table" VALUES(14,'Mouse',84.0,'2023-04-21 18:00:10.536741',0);
INSERT INTO "random_table" VALUES(15,'Mouse',81.0,'2023-04-21 18:00:10.547735',1);
INSERT INTO "random_table" VALUES(16,'Teclado',89.0,'2023-04-21 18:00:10.556728',0);
INSERT INTO "random_table" VALUES(17,'Monitor',69.0,'2023-04-21 18:00:10.562725',1);
INSERT INTO "random_table" VALUES(18,'Teclado',64.0,'2023-04-21 18:00:10.575716',1);
INSERT INTO "random_table" VALUES(19,'CPU',60.0,'2023-04-21 18:00:10.585712',1);
INSERT INTO "random_table" VALUES(20,'Mouse',92.0,'2023-04-21 18:00:10.598702',0);
INSERT INTO "random_table" VALUES(21,'CPU',91.0,'2022-09-03 16:26:28.564400',1);
INSERT INTO "random_table" VALUES(22,'CPU',120.0,'2022-09-03 16:26:28.564400',0);
INSERT INTO "random_table" VALUES(28,NULL,120.0,'2022-09-03 16:26:28.564400',0);
DELETE FROM "sqlite_sequence";
INSERT INTO "sqlite_sequence" VALUES('random_table',28);
INSERT INTO "sqlite_sequence" VALUES('child_table',30);
INSERT INTO "sqlite_sequence" VALUES('copy_table',33);
COMMIT;
