BEGIN TRANSACTION;
CREATE TABLE child_table (ID INTEGER PRIMARY KEY AUTOINCREMENT NOT NULL, Desconto REAL, Data DATE, ProdutoID INTEGER NOT NULL, FOREIGN KEY (ProdutoID) REFERENCES random_table(ID));
INSERT INTO "child_table" VALUES(1,14.0,'2022-09-24 15:38:50.241026',13);
INSERT INTO "child_table" VALUES(2,19.0,'2022-09-24 15:38:50.248021',17);
INSERT INTO "child_table" VALUES(3,0.0,'2022-09-24 15:38:50.254018',19);
INSERT INTO "child_table" VALUES(4,4.0,'2022-09-24 15:38:50.260013',15);
INSERT INTO "child_table" VALUES(5,5.0,'2022-09-24 15:38:50.266009',17);
INSERT INTO "child_table" VALUES(6,22.0,'2022-09-24 15:38:50.277002',5);
INSERT INTO "child_table" VALUES(7,17.0,'2022-09-24 15:38:50.282998',6);
INSERT INTO "child_table" VALUES(8,7.0,'2022-09-24 15:38:50.288995',14);
INSERT INTO "child_table" VALUES(9,9.0,'2022-09-24 15:38:50.296991',17);
INSERT INTO "child_table" VALUES(10,12.0,'2022-09-24 15:38:50.302987',13);
INSERT INTO "child_table" VALUES(11,10.0,'2022-09-24 15:38:50.307983',10);
INSERT INTO "child_table" VALUES(12,16.0,'2022-09-24 15:38:50.313981',17);
INSERT INTO "child_table" VALUES(13,13.0,'2022-09-24 15:38:50.319978',16);
INSERT INTO "child_table" VALUES(14,22.0,'2022-09-24 15:38:50.329971',5);
INSERT INTO "child_table" VALUES(15,21.0,'2022-09-24 15:38:50.340963',4);
INSERT INTO "child_table" VALUES(16,2.0,'2022-09-24 15:38:50.346961',6);
INSERT INTO "child_table" VALUES(17,15.0,'2022-09-24 15:38:50.355955',19);
INSERT INTO "child_table" VALUES(18,0.0,'2022-09-24 15:38:50.360950',12);
INSERT INTO "child_table" VALUES(19,11.0,'2022-09-24 15:38:50.367946',12);
INSERT INTO "child_table" VALUES(20,24.0,'2022-09-24 15:38:50.372943',7);
INSERT INTO "child_table" VALUES(21,7.0,'2022-09-24 15:38:50.379941',1);
INSERT INTO "child_table" VALUES(22,23.0,'2022-09-24 15:38:50.386936',6);
INSERT INTO "child_table" VALUES(23,1.0,'2022-09-24 15:38:50.392931',15);
INSERT INTO "child_table" VALUES(24,13.0,'2022-09-24 15:38:50.398928',20);
INSERT INTO "child_table" VALUES(25,3.0,'2022-09-24 15:38:50.403925',4);
INSERT INTO "child_table" VALUES(26,9.0,'2022-09-24 15:38:50.410920',12);
INSERT INTO "child_table" VALUES(27,14.0,'2022-09-24 15:38:50.416916',7);
INSERT INTO "child_table" VALUES(28,16.0,'2022-09-24 15:38:50.423920',20);
INSERT INTO "child_table" VALUES(29,0.0,'2022-09-24 15:38:50.431907',20);
INSERT INTO "child_table" VALUES(30,13.0,'2022-09-24 15:38:50.437904',17);
CREATE TABLE copy_table (
        ID INTEGER PRIMARY KEY AUTOINCREMENT NOT NULL,
        Produto TEXT,
        Valor REAL,
        Data DATE,
        Vendido BIT NOT NULL);
INSERT INTO "copy_table" VALUES(1,'CPU',81.0,'2022-09-24 15:38:28.773848',0);
INSERT INTO "copy_table" VALUES(2,'CPU',50.0,'2022-09-24 15:38:28.779844',0);
INSERT INTO "copy_table" VALUES(3,'Teclado',65.0,'2022-09-24 15:38:28.829813',1);
INSERT INTO "copy_table" VALUES(4,'Monitor',53.0,'2022-09-24 15:38:28.852799',0);
INSERT INTO "copy_table" VALUES(5,'Teclado',76.0,'2022-09-24 15:38:28.880781',1);
INSERT INTO "copy_table" VALUES(6,'Monitor',63.0,'2022-09-24 15:38:28.891775',0);
INSERT INTO "copy_table" VALUES(7,'Monitor',54.0,'2022-09-24 15:38:28.901768',1);
INSERT INTO "copy_table" VALUES(8,'CPU',65.0,'2022-09-24 15:38:28.915767',0);
INSERT INTO "copy_table" VALUES(9,'Mouse',70.0,'2022-09-24 15:38:28.922756',0);
INSERT INTO "copy_table" VALUES(10,'CPU',81.0,'2022-09-24 15:38:28.930751',0);
INSERT INTO "copy_table" VALUES(11,'Monitor',57.0,'2022-09-24 15:38:28.937747',0);
INSERT INTO "copy_table" VALUES(12,'CPU',74.0,'2022-09-24 15:38:28.949740',1);
INSERT INTO "copy_table" VALUES(13,'Mouse',93.0,'2022-09-24 15:38:28.956734',0);
INSERT INTO "copy_table" VALUES(14,'Monitor',69.0,'2022-09-24 15:38:28.967727',0);
INSERT INTO "copy_table" VALUES(15,'CPU',60.0,'2022-09-24 15:38:28.983720',0);
INSERT INTO "copy_table" VALUES(16,'CPU',63.0,'2022-09-24 15:38:28.998711',0);
INSERT INTO "copy_table" VALUES(17,'Teclado',69.0,'2022-09-24 15:38:29.014699',0);
INSERT INTO "copy_table" VALUES(18,'Monitor',96.0,'2022-09-24 15:38:29.020696',0);
INSERT INTO "copy_table" VALUES(19,'Mouse',95.0,'2022-09-24 15:38:29.027693',0);
INSERT INTO "copy_table" VALUES(20,'CPU',80.0,'2022-09-24 15:38:29.036685',0);
INSERT INTO "copy_table" VALUES(21,NULL,81.0,'2022-09-24 15:38:28.773848',0);
INSERT INTO "copy_table" VALUES(22,NULL,50.0,'2022-09-24 15:38:28.779844',0);
INSERT INTO "copy_table" VALUES(23,NULL,65.0,'2022-09-24 15:38:28.829813',1);
INSERT INTO "copy_table" VALUES(24,NULL,76.0,'2022-09-24 15:38:28.880781',1);
INSERT INTO "copy_table" VALUES(25,NULL,65.0,'2022-09-24 15:38:28.915767',0);
INSERT INTO "copy_table" VALUES(26,NULL,70.0,'2022-09-24 15:38:28.922756',0);
INSERT INTO "copy_table" VALUES(27,NULL,81.0,'2022-09-24 15:38:28.930751',0);
INSERT INTO "copy_table" VALUES(28,NULL,74.0,'2022-09-24 15:38:28.949740',1);
INSERT INTO "copy_table" VALUES(29,NULL,93.0,'2022-09-24 15:38:28.956734',0);
INSERT INTO "copy_table" VALUES(30,NULL,60.0,'2022-09-24 15:38:28.983720',0);
INSERT INTO "copy_table" VALUES(31,NULL,63.0,'2022-09-24 15:38:28.998711',0);
INSERT INTO "copy_table" VALUES(32,NULL,69.0,'2022-09-24 15:38:29.014699',0);
INSERT INTO "copy_table" VALUES(33,NULL,95.0,'2022-09-24 15:38:29.027693',0);
INSERT INTO "copy_table" VALUES(34,NULL,80.0,'2022-09-24 15:38:29.036685',0);
CREATE TABLE "old_table"(
  ID INT,
  Produto TEXT,
  Valor REAL,
  Data NUM,
  Vendido NUM
);
INSERT INTO "old_table" VALUES(1,'CPU',81.0,'2022-09-24 15:38:28.773848',0);
INSERT INTO "old_table" VALUES(2,'CPU',50.0,'2022-09-24 15:38:28.779844',0);
INSERT INTO "old_table" VALUES(3,'Teclado',65.0,'2022-09-24 15:38:28.829813',1);
INSERT INTO "old_table" VALUES(4,'Monitor',53.0,'2022-09-24 15:38:28.852799',0);
INSERT INTO "old_table" VALUES(5,'Teclado',76.0,'2022-09-24 15:38:28.880781',1);
INSERT INTO "old_table" VALUES(6,'Monitor',63.0,'2022-09-24 15:38:28.891775',0);
INSERT INTO "old_table" VALUES(7,'Monitor',54.0,'2022-09-24 15:38:28.901768',1);
INSERT INTO "old_table" VALUES(8,'CPU',65.0,'2022-09-24 15:38:28.915767',0);
INSERT INTO "old_table" VALUES(9,'Mouse',70.0,'2022-09-24 15:38:28.922756',0);
INSERT INTO "old_table" VALUES(10,'CPU',81.0,'2022-09-24 15:38:28.930751',0);
INSERT INTO "old_table" VALUES(11,'Monitor',57.0,'2022-09-24 15:38:28.937747',0);
INSERT INTO "old_table" VALUES(12,'CPU',74.0,'2022-09-24 15:38:28.949740',1);
INSERT INTO "old_table" VALUES(13,'Mouse',93.0,'2022-09-24 15:38:28.956734',0);
INSERT INTO "old_table" VALUES(14,'Monitor',69.0,'2022-09-24 15:38:28.967727',0);
INSERT INTO "old_table" VALUES(15,'CPU',60.0,'2022-09-24 15:38:28.983720',0);
INSERT INTO "old_table" VALUES(16,'CPU',63.0,'2022-09-24 15:38:28.998711',0);
INSERT INTO "old_table" VALUES(17,'Teclado',69.0,'2022-09-24 15:38:29.014699',0);
INSERT INTO "old_table" VALUES(18,'Monitor',96.0,'2022-09-24 15:38:29.020696',0);
INSERT INTO "old_table" VALUES(19,'Mouse',95.0,'2022-09-24 15:38:29.027693',0);
INSERT INTO "old_table" VALUES(20,'CPU',80.0,'2022-09-24 15:38:29.036685',0);
CREATE TABLE random_table(ID INTEGER PRIMARY KEY AUTOINCREMENT NOT NULL, Produto TEXT, Valor REAL, Data DATE, Vendido BIT NOT NULL);
INSERT INTO "random_table" VALUES(1,'CPU',81.0,'2022-09-24 15:38:28.773848',0);
INSERT INTO "random_table" VALUES(3,'Teclado',65.0,'2022-09-24 15:38:28.829813',1);
INSERT INTO "random_table" VALUES(5,'Teclado',76.0,'2022-09-24 15:38:28.880781',1);
INSERT INTO "random_table" VALUES(6,'Monitor',63.0,'2022-09-24 15:38:28.891775',0);
INSERT INTO "random_table" VALUES(8,'CPU',65.0,'2022-09-24 15:38:28.915767',0);
INSERT INTO "random_table" VALUES(9,'Mouse',70.0,'2022-09-24 15:38:28.922756',0);
INSERT INTO "random_table" VALUES(10,'CPU',81.0,'2022-09-24 15:38:28.930751',0);
INSERT INTO "random_table" VALUES(12,'CPU',74.0,'2022-09-24 15:38:28.949740',1);
INSERT INTO "random_table" VALUES(13,'Mouse',93.0,'2022-09-24 15:38:28.956734',0);
INSERT INTO "random_table" VALUES(14,'Monitor',69.0,'2022-09-24 15:38:28.967727',0);
INSERT INTO "random_table" VALUES(15,'CPU',60.0,'2022-09-24 15:38:28.983720',0);
INSERT INTO "random_table" VALUES(16,'CPU',63.0,'2022-09-24 15:38:28.998711',0);
INSERT INTO "random_table" VALUES(17,'Teclado',69.0,'2022-09-24 15:38:29.014699',0);
INSERT INTO "random_table" VALUES(18,'Monitor',96.0,'2022-09-24 15:38:29.020696',0);
INSERT INTO "random_table" VALUES(19,'Mouse',95.0,'2022-09-24 15:38:29.027693',0);
INSERT INTO "random_table" VALUES(20,'CPU',80.0,'2022-09-24 15:38:29.036685',0);
INSERT INTO "random_table" VALUES(21,'CPU',91.0,'2022-09-03 16:26:28.564400',1);
INSERT INTO "random_table" VALUES(22,'CPU',120.0,'2022-09-03 16:26:28.564400',0);
INSERT INTO "random_table" VALUES(28,NULL,120.0,'2022-09-03 16:26:28.564400',0);
DELETE FROM "sqlite_sequence";
INSERT INTO "sqlite_sequence" VALUES('random_table',28);
INSERT INTO "sqlite_sequence" VALUES('child_table',30);
INSERT INTO "sqlite_sequence" VALUES('copy_table',34);
COMMIT;
